{"cameraMode":{"drawMode":0,"name":"Shaded","section":"Shading Mode"},"sceneLighting":false,"audioPlay":false,"sceneViewState":{"m_AlwaysRefresh":false,"showFog":true,"showSkybox":false,"showFlares":true,"showImageEffects":true,"showParticleSystems":true,"showVisualEffectGraphs":true,"m_FxEnabled":true},"in2DMode":false,"pivot":{"x":0.9080811738967896,"y":0.1103663295507431,"z":-0.24701157212257386},"rotation":{"x":0.7334233522415161,"y":-0.006797205191105604,"z":0.007334467954933643,"w":0.6796988844871521},"size":2.8850491046905519,"orthographic":true}